Location,Treatment,Age,Gender/Race,Outcome,Treatment_Value,Outcome_Value
NA,Vegetables,AGE_OVERALL,BLK,Depression,67.08818074410978,80.42462839109953
NA,Vegetables,65PLUS,MALE,Depression,42.60758040869427,52.71937614831072
NA,Vegetables,5064,MALE,Depression,65.13607959247031,71.62461197171211
NA,Vegetables,65PLUS,MALE,Depression,67.56152287412418,78.3629648250244
NA,Vegetables,65PLUS,NAA,Depression,22.925021650008976,26.808908011741515
NA,Vegetables,65PLUS,FEMALE,Depression,35.68554721936428,48.93557252373731
NA,Vegetables,65PLUS,ASN,Depression,17.66590130956229,46.34451524910653
NA,Vegetables,65PLUS,NAA,Depression,23.470826754279734,27.62024311252889
NA,Vegetables,65PLUS,FEMALE,Depression,56.338073291348,71.7775916792307
NA,Vegetables,5064,WHT,Depression,35.16650589682072,45.199341339096556
NA,Vegetables,AGE_OVERALL,HIS,Depression,51.80370661774171,65.5677804193266
NA,Vegetables,65PLUS,MALE,Depression,58.9437619437274,70.85005447206869
NA,Vegetables,AGE_OVERALL,HIS,Depression,32.12210658749474,44.75656971889761
NA,Vegetables,65PLUS,MALE,Depression,93.27985435982859,107.14930624508169
NA,Vegetables,65PLUS,MALE,Depression,17.796831777271066,25.08417465558583
NA,Vegetables,AGE_OVERALL,BLK,Depression,36.97435572773441,46.123297362680034
NA,Vegetables,65PLUS,HIS,Depression,56.97946143149923,87.33664961480584
NA,Vegetables,65PLUS,OVERALL,Depression,38.38100420187516,41.630935198077424
NA,Vegetables,5064,MALE,Depression,91.29146096079893,99.87847487781985
NA,Vegetables,65PLUS,MALE,Depression,39.59950946650132,49.23838672155247
NA,Vegetables,5064,BLK,Depression,64.22513088715205,83.65841919810859
NA,Vegetables,5064,MALE,Depression,58.957386755851054,64.39579744819763
NA,Vegetables,65PLUS,WHT,Depression,94.4999294741756,117.02982293361086
NA,Vegetables,5064,NAA,Depression,39.33562675398171,39.1039384434874
NA,Vegetables,5064,HIS,Depression,66.51624656369013,89.77579102322431
NA,Vegetables,AGE_OVERALL,OVERALL,Depression,79.53977495869131,74.15268844147865
NA,Vegetables,65PLUS,MALE,Depression,34.83554264225323,44.63781439306824
NA,Vegetables,65PLUS,MALE,Depression,66.71880605900225,78.99643949199695
NA,Vegetables,AGE_OVERALL,FEMALE,Depression,72.58060092021725,77.51274190003654
NA,Vegetables,65PLUS,FEMALE,Depression,60.049331479087556,76.67597922168906
NA,Vegetables,65PLUS,WHT,Depression,54.412278929734676,73.94376995902597
NA,Vegetables,65PLUS,ASN,Depression,76.62488042502252,111.31259646481048
NA,Vegetables,5064,FEMALE,Depression,4.160036851936873,8.254840419310911
NA,Vegetables,AGE_OVERALL,NAA,Depression,56.26871176812012,50.70962898884104
NA,Vegetables,65PLUS,WHT,Depression,30.6509963044479,49.0103654433358
NA,Vegetables,AGE_OVERALL,BLK,Depression,59.69347355480648,72.2078041818642
NA,Vegetables,65PLUS,BLK,Depression,89.60269850900971,116.3543227908752
NA,Vegetables,65PLUS,OVERALL,Depression,86.60973602351791,92.24151195524406
NA,Vegetables,AGE_OVERALL,BLK,Depression,24.62880829283977,31.4672634845595
NA,Vegetables,65PLUS,MALE,Depression,58.54587784966056,70.07561069466638
NA,Vegetables,65PLUS,HIS,Depression,71.30270311477489,99.98368368585841
NA,Vegetables,AGE_OVERALL,BLK,Depression,44.725816408438035,52.881721215744726
NA,Vegetables,65PLUS,OVERALL,Depression,41.122186988722305,43.95657950770639
NA,Vegetables,65PLUS,FEMALE,Depression,82.31428845152303,101.71452968238079
NA,Vegetables,5064,NAA,Depression,79.65781496211918,83.35207835968724
NA,Vegetables,5064,MALE,Depression,10.067620114922917,11.985265276176076
NA,Vegetables,AGE_OVERALL,HIS,Depression,57.170842779600186,72.28834040715456
NA,Vegetables,65PLUS,FEMALE,Depression,68.17223440261604,86.99801895643435
NA,Vegetables,65PLUS,BLK,Depression,20.192988749559305,40.541830780259495
NA,Vegetables,5064,ASN,Depression,70.99477663141312,97.62298713090895
NA,Vegetables,65PLUS,MALE,Depression,38.90866708858418,49.09254269618267
NA,Vegetables,65PLUS,OVERALL,Depression,41.19068235011788,43.79849915529571
NA,Vegetables,5064,OVERALL,Depression,76.7974866441999,75.86023501464392
NA,Vegetables,AGE_OVERALL,MALE,Depression,68.06587393262602,69.18663684551126
NA,Vegetables,5064,BLK,Depression,57.85726973035755,74.48154371222361
NA,Vegetables,65PLUS,NAA,Depression,20.609106790436073,24.567246985698926
NA,Vegetables,5064,WHT,Depression,36.423450671373516,48.236244719772145
NA,Vegetables,5064,MALE,Depression,52.63645123905927,55.67688163528244
NA,Vegetables,AGE_OVERALL,BLK,Depression,54.27678084406703,63.348947247059805
NA,Vegetables,5064,WHT,Depression,90.61475516736519,106.74773948143557
NA,Vegetables,5064,OVERALL,Depression,79.94200586944122,80.09736928272572
NA,Vegetables,5064,ASN,Depression,81.98472187408052,110.70193669528553
NA,Vegetables,65PLUS,FEMALE,Depression,47.051142925126115,62.00154889453639
NA,Vegetables,5064,MALE,Depression,62.672115550150316,68.31555156976351
NA,Vegetables,65PLUS,ASN,Depression,85.95838738765931,120.49697191504904
NA,Vegetables,5064,WHT,Depression,3.7498526378913226,10.649448155519874
NA,Vegetables,5064,HIS,Depression,5.433156162914422,21.30535732644251
NA,Vegetables,AGE_OVERALL,FEMALE,Depression,66.99460744668079,71.5395749979621
NA,Vegetables,65PLUS,BLK,Depression,59.098104550294146,83.81542565852686
NA,Vegetables,65PLUS,WHT,Depression,94.13940207559341,117.6185791695194
NA,Vegetables,65PLUS,BLK,Depression,35.584072782702705,56.77324567954994
NA,Vegetables,AGE_OVERALL,FEMALE,Depression,70.07086046798919,72.83077259755933
NA,Vegetables,65PLUS,OVERALL,Depression,71.97028177991055,76.48694825116809
NA,Vegetables,65PLUS,BLK,Depression,69.88655581987949,94.62889999200515
NA,Vegetables,65PLUS,OVERALL,Depression,42.122273211146336,45.2039366801411
NA,Vegetables,5064,WHT,Depression,41.618705019936684,54.54463586317476
NA,Vegetables,65PLUS,HIS,Depression,82.46630987281476,113.00257585655467
NA,Vegetables,AGE_OVERALL,HIS,Depression,83.64496623448149,102.41307439024014
NA,Vegetables,5064,HIS,Depression,57.845745181204904,78.5570843612583
NA,Vegetables,65PLUS,ASN,Depression,47.863089974707755,81.2022721601767
NA,Vegetables,65PLUS,MALE,Depression,64.1895142159195,75.07471054607385
NA,Vegetables,65PLUS,BLK,Depression,83.31126538716694,110.20204218133182
NA,Vegetables,5064,MALE,Depression,47.024104868997384,50.245837827587756
NA,Vegetables,AGE_OVERALL,BLK,Depression,42.09947101748044,50.99742265249008
NA,Vegetables,65PLUS,WHT,Depression,68.7295372171984,89.52353601764207
NA,Vegetables,65PLUS,FEMALE,Depression,67.33251382953313,83.32996940679605
NA,Vegetables,65PLUS,HIS,Depression,26.706893299501655,50.41897174701835
NA,Vegetables,65PLUS,FEMALE,Depression,29.806061632458366,42.208297172575115
NA,Vegetables,65PLUS,MALE,Depression,33.792189787256575,43.91116823399439
NA,Vegetables,AGE_OVERALL,HIS,Depression,90.15791079234866,110.49767274956717
NA,Vegetables,AGE_OVERALL,OVERALL,Depression,91.3266411073073,86.11471377579853
NA,Vegetables,AGE_OVERALL,FEMALE,Depression,39.86969292291138,42.55015636568772
NA,Vegetables,65PLUS,WHT,Depression,49.35284777915365,66.13761907433678
NA,Vegetables,65PLUS,NAA,Depression,44.10306400819212,50.19507452295304
NA,Vegetables,AGE_OVERALL,ASN,Depression,74.18504376033441,93.98050846142682
NA,Vegetables,5064,HIS,Depression,39.37427232963016,60.78711476381709
NA,Vegetables,65PLUS,ASN,Depression,56.29523205455828,89.34153178882613
NA,Vegetables,5064,ASN,Depression,39.61743918360516,63.55105198415901
NA,Vegetables,65PLUS,OVERALL,Depression,80.67466847219366,86.39266863765818
NA,Vegetables,5064,BLK,Depression,77.49508701029757,97.39168284515037
NA,Vegetables,5064,MALE,Depression,75.9334437064325,83.26941501848638
NA,Vegetables,5064,MALE,Depression,81.45205829821676,89.41279347183924
NA,Vegetables,65PLUS,NAA,Depression,85.53492148355907,95.79481090167461
NA,Vegetables,65PLUS,BLK,Depression,76.7497752134001,103.85817658715973
NA,Vegetables,5064,FEMALE,Depression,9.957539622401491,15.64714581308829
NA,Vegetables,65PLUS,BLK,Depression,74.8565794841713,100.39367502001149
NA,Vegetables,65PLUS,MALE,Depression,59.217362502014375,69.76899749781423
NA,Vegetables,5064,FEMALE,Depression,65.3218154490584,77.11082925316506
NA,Vegetables,5064,WHT,Depression,31.052849041681018,43.33232686696701
NA,Vegetables,65PLUS,WHT,Depression,54.03016255418931,73.71983558147733
NA,Vegetables,5064,FEMALE,Depression,81.475243800909,94.02412833176764
NA,Vegetables,65PLUS,HIS,Depression,56.49385850378075,82.76175946131616
NA,Vegetables,65PLUS,BLK,Depression,10.136809722304598,28.67595639060066
NA,Vegetables,AGE_OVERALL,MALE,Depression,71.18136769928685,72.29963613925355
NA,Vegetables,65PLUS,NAA,Depression,69.49070745103816,77.64414254552705
NA,Vegetables,5064,OVERALL,Depression,38.798891797959264,35.08400790200389
NA,Vegetables,5064,MALE,Depression,28.207266992773516,30.17966275944277
NA,Vegetables,5064,MALE,Depression,90.27143234473188,97.84440099026459
NA,Vegetables,65PLUS,WHT,Depression,9.231089977587736,25.245670240571236
NA,Vegetables,AGE_OVERALL,FEMALE,Depression,75.51237182509851,78.79493369273209
NA,Vegetables,5064,FEMALE,Depression,46.49375935049802,54.197446754718776
NA,Vegetables,65PLUS,FEMALE,Depression,83.64895914437814,100.49061755092187
NA,Vegetables,AGE_OVERALL,HIS,Depression,101.13762840426472,119.75772182857139
NA,Vegetables,AGE_OVERALL,ASN,Depression,93.63893717793877,116.92033973096169
NA,Vegetables,65PLUS,WHT,Depression,95.12917483990961,118.12690342411626
NA,Vegetables,5064,BLK,Depression,82.66493185964464,102.8895673865071
NA,Vegetables,AGE_OVERALL,OVERALL,Depression,77.18347193136628,69.68621096472823
NA,Vegetables,65PLUS,WHT,Depression,58.87823498909357,79.8549533778136
NA,Vegetables,AGE_OVERALL,MALE,Depression,70.43259522945061,69.6622236067336
NA,Vegetables,AGE_OVERALL,NAA,Depression,108.02323243923365,107.74976364645322
NA,Vegetables,5064,ASN,Depression,80.98800557007867,108.84329117996973
NA,Vegetables,65PLUS,WHT,Depression,78.29880649663411,99.96115672204243
NA,Vegetables,5064,MALE,Depression,40.40229681712495,43.992555576124985
NA,Vegetables,AGE_OVERALL,FEMALE,Depression,51.50907680864223,53.728906403916945
NA,Vegetables,AGE_OVERALL,HIS,Depression,49.13406573811885,63.83007052866023
NA,Vegetables,5064,FEMALE,Depression,10.620824599282727,15.380247491787486
NA,Vegetables,5064,NAA,Depression,37.57319273356475,37.19477576057715
NA,Vegetables,5064,ASN,Depression,38.329269957329245,60.89043523707723
NA,Vegetables,5064,HIS,Depression,63.63211839638707,85.69163580054085
NA,Vegetables,5064,OVERALL,Depression,22.536133300262925,13.885184920427017
NA,Vegetables,65PLUS,MALE,Depression,43.24256717669954,53.63986624844095
NA,Vegetables,5064,ASN,Depression,7.64172821253517,27.343224386925183
NA,Vegetables,5064,HIS,Depression,59.63484493011088,82.81783380675398
NA,Vegetables,5064,MALE,Depression,90.2242887609237,99.73532914179796
NA,Vegetables,65PLUS,MALE,Depression,60.6889131657561,71.6636177827242
NA,Vegetables,AGE_OVERALL,MALE,Depression,72.23288581896038,73.45783899754153
NA,Vegetables,65PLUS,MALE,Depression,58.084616122550365,69.96620689688056
NA,Vegetables,65PLUS,NAA,Depression,73.59034867392266,82.61260698079587
NA,Vegetables,AGE_OVERALL,ASN,Depression,16.606170042853414,31.821377219820548
NA,Vegetables,65PLUS,FEMALE,Depression,16.129333195090283,27.099921346758848
NA,Vegetables,65PLUS,HIS,Depression,14.747517783671348,38.741842568162866
NA,Vegetables,5064,NAA,Depression,53.81059319575241,52.72015585033244
NA,Vegetables,65PLUS,FEMALE,Depression,52.54936453052403,66.67873876852732
NA,Vegetables,65PLUS,ASN,Depression,78.28303184171301,112.78178896165868
NA,Vegetables,AGE_OVERALL,BLK,Depression,48.03321437501009,59.16959623076451
NA,Vegetables,5064,NAA,Depression,56.89418787245009,57.74915209549035
NA,Vegetables,5064,MALE,Depression,29.22267926329969,32.08643382479733
NA,Vegetables,5064,OVERALL,Depression,91.2313086057182,90.17485050438789
NA,Vegetables,5064,ASN,Depression,41.146573235535556,64.39493060812525
NA,Vegetables,5064,BLK,Depression,66.95556819352053,87.30163811853735
NA,Vegetables,65PLUS,NAA,Depression,54.316501128490856,62.14290562492327
NA,Vegetables,5064,MALE,Depression,37.46884550821028,39.78641882916416
NA,Vegetables,5064,OVERALL,Depression,101.01604442082123,101.33185685828039
NA,Vegetables,65PLUS,ASN,Depression,6.571395774845065,34.10643820545087
NA,Vegetables,5064,FEMALE,Depression,43.96708285375114,54.0079850257169
NA,Vegetables,65PLUS,FEMALE,Depression,77.62007974083483,95.51749122540535
NA,Vegetables,5064,HIS,Depression,99.00732025105913,125.80842459904042
NA,Vegetables,65PLUS,OVERALL,Depression,75.10559790893939,81.67354370553022
NA,Vegetables,65PLUS,FEMALE,Depression,62.27957142735589,76.61599097444254
NA,Vegetables,AGE_OVERALL,NAA,Depression,70.016639610356,66.47672759261009
NA,Vegetables,5064,OVERALL,Depression,44.11004464944321,38.68697918374756
NA,Vegetables,65PLUS,MALE,Depression,70.39124579561071,83.5285052350077
NA,Vegetables,AGE_OVERALL,NAA,Depression,24.71180394566457,17.438153845746452
NA,Vegetables,65PLUS,ASN,Depression,75.7598871827169,110.02692297751737
NA,Vegetables,5064,HIS,Depression,62.89200564659848,86.49556379664388
NA,Vegetables,5064,MALE,Depression,79.1763676235398,87.83554342456621
NA,Vegetables,65PLUS,WHT,Depression,23.976915906810014,40.96708893527088
NA,Vegetables,5064,ASN,Depression,33.179012229347194,57.07785992269249
NA,Vegetables,5064,BLK,Depression,11.944784305590773,25.90264602908901
NA,Vegetables,AGE_OVERALL,OVERALL,Depression,99.87128373603905,93.97734844816229
NA,Vegetables,AGE_OVERALL,OVERALL,Depression,51.75800728953098,41.078749745534104
NA,Vegetables,65PLUS,BLK,Depression,25.071903459612372,45.828272178546406
NA,Vegetables,5064,MALE,Depression,85.38798784326782,92.96417322852903
NA,Vegetables,5064,NAA,Depression,23.273929340815727,19.41330975568825
NA,Vegetables,AGE_OVERALL,BLK,Depression,62.86776958756339,74.44178721208647
NA,Vegetables,65PLUS,OVERALL,Depression,23.20677549091655,22.712750612578354
NA,Vegetables,AGE_OVERALL,MALE,Depression,57.562847831418345,57.182884452195225
NA,Vegetables,AGE_OVERALL,MALE,Depression,92.13380867990739,93.57184243732874
NA,Vegetables,5064,HIS,Depression,57.17739372423452,80.82542705393477
NA,Vegetables,5064,BLK,Depression,80.42208670557095,101.46739571838557
NA,Vegetables,AGE_OVERALL,ASN,Depression,65.44724357445676,83.99273405957186
NA,Vegetables,65PLUS,NAA,Depression,90.4534328864716,102.852476067214
NA,Vegetables,65PLUS,WHT,Depression,43.425851185289105,59.98812430113642
NA,Vegetables,65PLUS,NAA,Depression,19.932617529604137,22.97950489063832
NA,Vegetables,65PLUS,MALE,Depression,77.55833664533249,91.98565254357851
NA,Vegetables,65PLUS,BLK,Depression,44.98713928260318,67.37816600871035
NA,Vegetables,5064,OVERALL,Depression,67.60666662893387,65.45050770967778
NA,Vegetables,5064,HIS,Depression,55.409624156087496,77.50194776713843
NA,Vegetables,5064,BLK,Depression,3.2552577831573686,14.618276521861656
NA,Vegetables,65PLUS,OVERALL,Depression,26.064307845289736,24.53111537444381
NA,Vegetables,65PLUS,OVERALL,Depression,45.71182387547159,48.98151747071892
NA,Vegetables,5064,ASN,Depression,59.57451493998822,85.71271202582084
NA,Vegetables,65PLUS,OVERALL,Depression,78.36322653034492,82.88551618837812
NA,Vegetables,5064,HIS,Depression,33.07169974910474,52.03607681245136
NA,Vegetables,AGE_OVERALL,WHT,Depression,96.62034480546203,107.13900303092665
NA,Vegetables,5064,OVERALL,Depression,13.462983375403802,7.9392140745886
NA,Vegetables,AGE_OVERALL,NAA,Depression,51.05831572412784,45.21698801061604
NA,Vegetables,AGE_OVERALL,OVERALL,Depression,22.891301087960308,10.573646400563902
NA,Vegetables,5064,ASN,Depression,83.58430657689169,112.91269071882725
NA,Vegetables,AGE_OVERALL,BLK,Depression,28.181854810795944,35.35264601619956
NA,Vegetables,65PLUS,BLK,Depression,32.05326928693651,53.30580617100166
NA,Vegetables,65PLUS,WHT,Depression,42.68664527134576,61.83084301807655
NA,Vegetables,5064,WHT,Depression,31.088046236743644,42.51740757140053
NA,Vegetables,AGE_OVERALL,MALE,Depression,95.00042544193204,96.66986066136057
NA,Vegetables,AGE_OVERALL,BLK,Depression,94.34803320361992,110.28939089471668
NA,Vegetables,5064,BLK,Depression,32.11567128323871,48.59882788222598
NA,Vegetables,AGE_OVERALL,HIS,Depression,58.96142718959116,73.11977278300411
NA,Vegetables,5064,ASN,Depression,82.67281568134584,111.6757579605914
NA,Vegetables,5064,ASN,Depression,13.94862783116281,34.397403976214825
NA,Vegetables,AGE_OVERALL,FEMALE,Depression,50.320774611106295,51.910281881777735
NA,Vegetables,65PLUS,ASN,Depression,67.03898171307819,99.9411153699486
NA,Vegetables,5064,OVERALL,Depression,9.428770221771558,1.3544845591181152
NA,Vegetables,65PLUS,HIS,Depression,51.076226977188654,81.12019950379026
NA,Vegetables,AGE_OVERALL,ASN,Depression,73.6565368528519,95.19739258793959
NA,Vegetables,AGE_OVERALL,FEMALE,Depression,30.902020520021896,30.891390905298298
NA,Vegetables,AGE_OVERALL,ASN,Depression,43.5551408354234,62.701905266669286
NA,Vegetables,65PLUS,BLK,Depression,40.94674974690285,63.04344050166752
NA,Vegetables,65PLUS,HIS,Depression,45.652720449436515,72.77417769523788
NA,Vegetables,65PLUS,HIS,Depression,26.88624945852687,52.36751399221521
NA,Vegetables,5064,NAA,Depression,49.213505597136255,48.16372485328082
NA,Vegetables,AGE_OVERALL,MALE,Depression,53.95333897059238,52.088253884066596
NA,Vegetables,65PLUS,NAA,Depression,42.881823465702254,47.093879999952506
NA,Vegetables,65PLUS,ASN,Depression,93.97081748827776,128.9363823270706
NA,Vegetables,5064,MALE,Depression,72.8781520990766,80.95282176272642
NA,Vegetables,65PLUS,HIS,Depression,94.25377470064483,125.26237136361769
NA,Vegetables,5064,OVERALL,Depression,33.16168896840963,28.33777446595112
NA,Vegetables,5064,NAA,Depression,53.08564611955897,54.049218013852666
NA,Vegetables,AGE_OVERALL,WHT,Depression,86.17117127112081,97.20768129967557
NA,Vegetables,AGE_OVERALL,BLK,Depression,24.340078724856298,32.13787554356647
NA,Vegetables,5064,ASN,Depression,51.31812148153411,75.4802652088761
NA,Vegetables,65PLUS,MALE,Depression,3.7454061632512747,10.470368805334394
NA,Vegetables,AGE_OVERALL,HIS,Depression,65.12818657497625,82.62403324921435
NA,Vegetables,AGE_OVERALL,WHT,Depression,99.57612764562117,110.15058652843827
NA,Vegetables,AGE_OVERALL,WHT,Depression,102.97097867703819,113.01007598201706
NA,Vegetables,AGE_OVERALL,WHT,Depression,53.101934946042384,59.29360162599551
NA,Vegetables,5064,FEMALE,Depression,8.46818870615509,12.432980026762037
NA,Vegetables,AGE_OVERALL,MALE,Depression,69.36362364409945,69.2882237571221
NA,Vegetables,65PLUS,HIS,Depression,77.3732448916084,107.72470986622602
NA,Vegetables,65PLUS,BLK,Depression,65.10195964736175,88.43783926392429
NA,Vegetables,5064,OVERALL,Depression,69.39548695634072,66.4796839968924
NA,Vegetables,AGE_OVERALL,MALE,Depression,67.8328448604353,68.13349979454671
NA,Vegetables,AGE_OVERALL,ASN,Depression,47.37697725669481,64.33193001860083
NA,Vegetables,AGE_OVERALL,FEMALE,Depression,76.72809481431966,82.44388294150596
NA,Vegetables,5064,MALE,Depression,30.419878150261926,33.417704950156725
NA,Vegetables,5064,OVERALL,Depression,29.024364474413975,23.699830655278838
NA,Vegetables,AGE_OVERALL,NAA,Depression,19.713657437043757,9.781058709550914
NA,Vegetables,65PLUS,ASN,Depression,27.151572322629143,55.41137041810996
NA,Vegetables,5064,FEMALE,Depression,73.89611571658776,85.56790877773214
NA,Vegetables,65PLUS,ASN,Depression,19.961277094428596,49.113805177859824
NA,Vegetables,AGE_OVERALL,NAA,Depression,39.202914345088274,31.477735177257273
NA,Vegetables,5064,OVERALL,Depression,70.81761896707215,69.58033879458152
NA,Vegetables,65PLUS,NAA,Depression,98.27509666173114,110.8883397009722
NA,Vegetables,AGE_OVERALL,BLK,Depression,50.068296411473746,61.809054365811654
NA,Vegetables,AGE_OVERALL,NAA,Depression,56.31743200332167,50.530940807122775
NA,Vegetables,65PLUS,WHT,Depression,42.767688763278535,61.21376896200462
NA,Vegetables,65PLUS,ASN,Depression,15.234936325195903,43.08976953211757
NA,Vegetables,65PLUS,ASN,Depression,-1.7206662645495925,22.629623004707593
NA,Vegetables,AGE_OVERALL,FEMALE,Depression,42.665304073223275,42.01378415505318
NA,Vegetables,65PLUS,NAA,Depression,52.97815624550634,60.525501739363555
NA,Vegetables,65PLUS,OVERALL,Depression,9.594685772204798,6.591161560044777
NA,Vegetables,AGE_OVERALL,ASN,Depression,56.21479701237006,76.27376986308798
NA,Vegetables,5064,ASN,Depression,21.213112493090016,43.503974803786605
NA,Vegetables,5064,NAA,Depression,95.32963758331404,99.90663394078746
NA,Vegetables,AGE_OVERALL,HIS,Depression,72.51468921049083,89.76218310921386
NA,Vegetables,AGE_OVERALL,WHT,Depression,95.12703415728011,106.86864064839297
NA,Vegetables,AGE_OVERALL,ASN,Depression,21.284717390947414,38.365416813600234
NA,Vegetables,65PLUS,FEMALE,Depression,61.02429460263005,77.92160083928661
NA,Vegetables,65PLUS,OVERALL,Depression,67.07149849293108,70.64260160202478
NA,Vegetables,65PLUS,NAA,Depression,8.282324411428803,10.107814704419775
NA,Vegetables,AGE_OVERALL,HIS,Depression,55.92429560897614,72.12371538382563
NA,Vegetables,65PLUS,ASN,Depression,44.48434034181328,75.58318049284875
NA,Vegetables,AGE_OVERALL,BLK,Depression,99.64290928314158,113.44346153932244
NA,Vegetables,5064,WHT,Depression,75.48092751713129,91.584078693893
NA,Vegetables,5064,ASN,Depression,62.63260594795137,87.1452066236888
NA,Vegetables,65PLUS,ASN,Depression,41.79232583518074,72.12600467884185
NA,Vegetables,65PLUS,WHT,Depression,69.79823280213856,91.02444364435449
NA,Vegetables,65PLUS,NAA,Depression,52.96455584185254,59.19812613361096
NA,Vegetables,65PLUS,FEMALE,Depression,66.096964614574,81.4124000909256
NA,Vegetables,65PLUS,BLK,Depression,46.12807967181543,70.78369997944544
NA,Vegetables,AGE_OVERALL,MALE,Depression,59.79355212178286,59.83214206670998
NA,Vegetables,AGE_OVERALL,ASN,Depression,28.76470196120097,44.5184962794317
NA,Vegetables,5064,WHT,Depression,67.379927892856,82.18227639415335
NA,Vegetables,5064,NAA,Depression,59.00681208652713,59.906819708258595
NA,Vegetables,65PLUS,WHT,Depression,52.923344585787625,71.29454933591835
NA,Vegetables,AGE_OVERALL,OVERALL,Depression,33.20224603149401,21.598689281816426
NA,Vegetables,65PLUS,HIS,Depression,45.09207821216827,71.53546944855887
NA,Vegetables,5064,FEMALE,Depression,69.19399862864958,78.40499994158591
NA,Vegetables,5064,ASN,Depression,53.8724008183155,78.75845456309919
NA,Vegetables,65PLUS,OVERALL,Depression,81.85649004744486,88.41146804630343
NA,Vegetables,65PLUS,NAA,Depression,48.09655645845301,56.21055670771934
NA,Vegetables,65PLUS,OVERALL,Depression,60.009951966859774,62.52380264943093
NA,Vegetables,65PLUS,BLK,Depression,39.371669170120896,63.11122034142271
NA,Vegetables,5064,ASN,Depression,54.78227572517026,78.96504598261176
NA,Vegetables,65PLUS,BLK,Depression,55.218067454039286,79.42043034651942
NA,Vegetables,5064,MALE,Depression,65.14231572981177,72.01494271909476
NA,Vegetables,AGE_OVERALL,NAA,Depression,42.565690277651896,36.95847386343653
NA,Vegetables,5064,NAA,Depression,71.76249806867881,75.09869482019715
NA,Vegetables,65PLUS,OVERALL,Depression,45.5746458684272,48.188285339851596
NA,Vegetables,5064,ASN,Depression,21.070086536514616,43.33718794902225
NA,Vegetables,5064,WHT,Depression,75.79149535622878,91.52657512533929
NA,Vegetables,65PLUS,HIS,Depression,60.64386188163593,88.7427450078347
NA,Vegetables,65PLUS,FEMALE,Depression,68.76294192048664,85.79553998557898
NA,Vegetables,AGE_OVERALL,ASN,Depression,30.646383985359616,46.68277043574433
NA,Vegetables,5064,MALE,Depression,52.23738382601059,55.68722675075055
NA,Vegetables,AGE_OVERALL,HIS,Depression,37.99783716786962,51.197597478252355
NA,Vegetables,5064,HIS,Depression,51.83473081229791,72.10195773185893
NA,Vegetables,65PLUS,NAA,Depression,42.11389495298934,47.91700417459044
NA,Vegetables,5064,WHT,Depression,35.62221678326044,48.635945196597596
NA,Vegetables,5064,NAA,Depression,84.57822085847712,87.79354535365927
NA,Vegetables,AGE_OVERALL,OVERALL,Depression,22.96759192535987,9.54795192824947
NA,Vegetables,5064,MALE,Depression,87.61381583219149,96.3225351556434
NA,Vegetables,5064,ASN,Depression,27.441276045884965,52.551394080593404
NA,Vegetables,5064,MALE,Depression,40.40491786655227,42.87818909040378
NA,Vegetables,AGE_OVERALL,FEMALE,Depression,24.41577377929024,24.810376637682886
NA,Vegetables,65PLUS,MALE,Depression,75.7108589999211,89.10707560482945
NA,Vegetables,AGE_OVERALL,ASN,Depression,75.75722297435208,96.34953501968275
NA,Vegetables,5064,NAA,Depression,48.78527864987252,49.91582200852327
NA,Vegetables,5064,MALE,Depression,83.09996953595606,89.65652911372017
NA,Vegetables,AGE_OVERALL,HIS,Depression,78.70810483166636,95.45073954393733
NA,Vegetables,65PLUS,BLK,Depression,84.7754399803649,112.92454861980137
NA,Vegetables,65PLUS,OVERALL,Depression,66.27080822612965,70.2276047107856
NA,Vegetables,65PLUS,WHT,Depression,10.428687776597535,23.80710720672415
NA,Vegetables,5064,BLK,Depression,64.1618909511311,83.54809614909337
NA,Vegetables,5064,OVERALL,Depression,26.174251923275747,21.51042187585134
NA,Vegetables,AGE_OVERALL,OVERALL,Depression,52.81990017171065,43.15358552603501
NA,Vegetables,65PLUS,NAA,Depression,49.466009152852465,57.148127445366775
NA,Vegetables,AGE_OVERALL,OVERALL,Depression,72.27814815288787,63.356663084697814
NA,Vegetables,AGE_OVERALL,NAA,Depression,57.983406455234935,54.160045158043445
NA,Vegetables,5064,MALE,Depression,65.58953050708706,69.99406391929558
NA,Vegetables,5064,OVERALL,Depression,19.089438672519478,11.561797569057006
NA,Vegetables,5064,MALE,Depression,51.82797191444942,55.85402487651982
NA,Vegetables,AGE_OVERALL,MALE,Depression,71.4818077747023,71.85633242524175
NA,Vegetables,5064,WHT,Depression,23.739856522717815,34.68107041061902
NA,Vegetables,AGE_OVERALL,HIS,Depression,12.48767803425131,23.18674679646284
NA,Vegetables,5064,NAA,Depression,45.2122529827726,44.97836589089849
NA,Vegetables,5064,HIS,Depression,35.66038451432873,55.765606674761734
NA,Vegetables,5064,OVERALL,Depression,21.217820068502057,15.549234262369575
NA,Vegetables,5064,OVERALL,Depression,74.84283982526733,73.74398141849387
NA,Vegetables,AGE_OVERALL,BLK,Depression,76.95640570525045,88.58296975741409
NA,Vegetables,AGE_OVERALL,HIS,Depression,47.00858396039236,61.40529746910775
NA,Vegetables,5064,HIS,Depression,24.52721191894686,43.93219657437226
NA,Vegetables,5064,OVERALL,Depression,75.96504831328942,74.82099379225362
NA,Vegetables,AGE_OVERALL,FEMALE,Depression,81.46599460368493,86.63580861604366
NA,Vegetables,5064,NAA,Depression,44.00056618409257,43.38185405457529
NA,Vegetables,5064,FEMALE,Depression,60.55179716268869,70.14586380623356
NA,Vegetables,AGE_OVERALL,ASN,Depression,67.40820580199002,88.9807773032319
NA,Vegetables,65PLUS,ASN,Depression,69.25741214984619,103.41107896298134
NA,Vegetables,AGE_OVERALL,NAA,Depression,95.24919480098193,93.80216585298372
NA,Vegetables,65PLUS,BLK,Depression,32.528868305785636,53.80584641091387
NA,Vegetables,5064,HIS,Depression,92.5197196832562,117.5210622927309
NA,Vegetables,65PLUS,ASN,Depression,37.37407288218945,67.00740723721638
NA,Vegetables,65PLUS,HIS,Depression,54.093666758187425,82.41838066945377
NA,Vegetables,AGE_OVERALL,ASN,Depression,59.90884075755202,80.80958834142972
NA,Vegetables,5064,BLK,Depression,74.19653010219473,92.37810819165897
NA,Vegetables,5064,ASN,Depression,8.115291777988915,31.596591785979612
NA,Vegetables,AGE_OVERALL,FEMALE,Depression,107.79042365599592,115.05508974808392
NA,Vegetables,65PLUS,FEMALE,Depression,37.43501672693233,48.575556748087045
NA,Vegetables,65PLUS,BLK,Depression,39.685423620503784,62.80992568222452
NA,Vegetables,65PLUS,MALE,Depression,26.73799756180299,35.939362921062845
NA,Vegetables,AGE_OVERALL,NAA,Depression,21.95628453765093,13.96712052828473
NA,Vegetables,65PLUS,OVERALL,Depression,52.78571978893129,57.65408730775287
NA,Vegetables,AGE_OVERALL,NAA,Depression,44.72499688136341,37.34294120127661
NA,Vegetables,5064,NAA,Depression,36.31267408062976,35.81214237993768
NA,Vegetables,65PLUS,BLK,Depression,25.517305315994815,45.52435589583292
NA,Vegetables,65PLUS,BLK,Depression,40.644664038537215,61.974353704843445
NA,Vegetables,AGE_OVERALL,OVERALL,Depression,71.30450661859246,64.26277885197932
NA,Vegetables,5064,FEMALE,Depression,59.901011234061876,69.08857344970808
NA,Vegetables,AGE_OVERALL,FEMALE,Depression,84.50140624666189,89.45688020511756
NA,Vegetables,AGE_OVERALL,MALE,Depression,67.62199196907196,66.35842049285426
NA,Vegetables,5064,FEMALE,Depression,53.86489006916311,63.27749435619724
NA,Vegetables,5064,WHT,Depression,14.115660859057463,21.966543376127984
NA,Vegetables,5064,BLK,Depression,21.54703970062656,32.25753130143925
NA,Vegetables,AGE_OVERALL,OVERALL,Depression,58.08716289462074,48.23133954503387
NA,Vegetables,5064,ASN,Depression,26.695585813452116,48.229761441741665
NA,Vegetables,AGE_OVERALL,NAA,Depression,51.10548042763142,43.46182801010836
NA,Vegetables,AGE_OVERALL,WHT,Depression,47.825608845273855,53.61666539710559
NA,Vegetables,AGE_OVERALL,MALE,Depression,76.9396126156279,76.91307259698782
NA,Vegetables,5064,ASN,Depression,88.0016994609312,114.72549175611567
NA,Vegetables,AGE_OVERALL,NAA,Depression,49.63578078047889,44.203323417143935
NA,Vegetables,5064,NAA,Depression,56.366812293990215,57.78938613640684
NA,Vegetables,5064,ASN,Depression,49.95858895506804,75.41574991317424
NA,Vegetables,65PLUS,FEMALE,Depression,92.16943755517659,112.25539233349727
NA,Vegetables,65PLUS,MALE,Depression,85.51054836570486,99.6511483940286
NA,Vegetables,65PLUS,BLK,Depression,53.19017727380228,78.03974641371822
NA,Vegetables,5064,NAA,Depression,59.06094874338206,60.265353426335764
NA,Vegetables,AGE_OVERALL,ASN,Depression,101.78438388509028,127.78090453297209
NA,Vegetables,AGE_OVERALL,BLK,Depression,72.42221912964355,84.62779656194994
NA,Vegetables,AGE_OVERALL,OVERALL,Depression,50.80687874337774,39.57371527982926
NA,Vegetables,AGE_OVERALL,NAA,Depression,55.30434986359784,49.43163116880864
NA,Vegetables,65PLUS,WHT,Depression,5.146430704484317,19.695030281909897
NA,Vegetables,65PLUS,HIS,Depression,32.42315996546726,59.24128194307843
NA,Vegetables,AGE_OVERALL,HIS,Depression,62.64326822337263,77.99179052707734
NA,Vegetables,5064,NAA,Depression,82.06348244472579,84.15057865124234
NA,Vegetables,AGE_OVERALL,HIS,Depression,54.14316777219833,67.05142842255906
NA,Vegetables,65PLUS,NAA,Depression,28.034844573738237,30.891840996832745
NA,Vegetables,AGE_OVERALL,ASN,Depression,58.916588192387394,78.56303334931293
NA,Vegetables,65PLUS,OVERALL,Depression,53.51773071712525,55.30353550945187
NA,Vegetables,AGE_OVERALL,OVERALL,Depression,32.174361133797035,20.808946108655192
NA,Vegetables,5064,MALE,Depression,75.50599073740582,81.27008957271953
NA,Vegetables,65PLUS,MALE,Depression,18.79796866028407,26.028917899088885
NA,Vegetables,65PLUS,NAA,Depression,66.9058914816128,72.88471130413777
NA,Vegetables,AGE_OVERALL,MALE,Depression,31.52073855673111,28.159423238015858
NA,Vegetables,65PLUS,ASN,Depression,56.84398398472018,88.94294055958036
NA,Vegetables,AGE_OVERALL,MALE,Depression,44.10572703618584,39.965356608831364
NA,Vegetables,65PLUS,NAA,Depression,40.203136976346684,44.939180579965935
NA,Vegetables,AGE_OVERALL,MALE,Depression,48.87823002933815,47.33825097605724
NA,Vegetables,65PLUS,MALE,Depression,43.293850095930374,52.96315978168285
NA,Vegetables,5064,WHT,Depression,57.66393172618238,71.97663406669596
NA,Vegetables,65PLUS,HIS,Depression,43.538584199870535,69.43268739161186
NA,Vegetables,5064,ASN,Depression,11.33424559835371,32.706126995809335
NA,Vegetables,65PLUS,ASN,Depression,26.675828848741464,54.78798657540261
NA,Vegetables,AGE_OVERALL,FEMALE,Depression,23.144614352785844,23.245664817395078
NA,Vegetables,65PLUS,ASN,Depression,63.792349231500395,96.28970147620376
NA,Vegetables,5064,ASN,Depression,18.068149187749174,39.918558017266605
NA,Vegetables,65PLUS,OVERALL,Depression,83.13613383228329,88.8393825721149
NA,Vegetables,65PLUS,FEMALE,Depression,42.99084816030772,57.87383043059432
NA,Vegetables,5064,NAA,Depression,12.939799384222269,10.299786004751379
NA,Vegetables,5064,MALE,Depression,103.98923884643844,116.72596958758774
NA,Vegetables,5064,NAA,Depression,74.29800279209462,75.68547691755563
NA,Vegetables,5064,HIS,Depression,12.965207322063314,28.958423116979652
NA,Vegetables,65PLUS,FEMALE,Depression,78.64223140356899,95.56474251255405
NA,Vegetables,AGE_OVERALL,WHT,Depression,94.68094092334253,104.57926874511169
NA,Vegetables,5064,NAA,Depression,25.815849875938166,23.750441364608978
NA,Vegetables,5064,OVERALL,Depression,45.86656360548269,44.17863178350436
NA,Vegetables,5064,FEMALE,Depression,19.396761497528992,26.630425507751767
NA,Vegetables,65PLUS,WHT,Depression,61.232869951426515,81.77808959440567
NA,Vegetables,65PLUS,MALE,Depression,69.65376247814831,84.20690146759965
NA,Vegetables,5064,FEMALE,Depression,58.37998452111006,67.72442134633327
NA,Vegetables,5064,OVERALL,Depression,96.22628857542237,96.69461030252926
NA,Vegetables,65PLUS,BLK,Depression,74.38186811838462,99.02968703886677
NA,Vegetables,AGE_OVERALL,OVERALL,Depression,89.55579454276317,82.83637354181262
NA,Vegetables,AGE_OVERALL,HIS,Depression,66.14435356281965,80.6015305504536
NA,Vegetables,AGE_OVERALL,FEMALE,Depression,72.02496852665695,77.15167800487788
NA,Vegetables,AGE_OVERALL,NAA,Depression,31.674288745440226,22.89314823064067
NA,Vegetables,5064,HIS,Depression,46.65491177479705,67.04550792010703
NA,Vegetables,AGE_OVERALL,ASN,Depression,45.447862166149775,64.54603071900256
NA,Vegetables,AGE_OVERALL,FEMALE,Depression,69.60672133894496,74.05580421013596
NA,Vegetables,5064,WHT,Depression,91.34813783661795,107.51334217500992
NA,Vegetables,AGE_OVERALL,NAA,Depression,67.33415140735205,63.403243039423046
NA,Vegetables,5064,NAA,Depression,73.04134796169387,75.65223327246368
NA,Vegetables,65PLUS,WHT,Depression,28.703304142597855,45.27619688267818
NA,Vegetables,65PLUS,NAA,Depression,86.8745723588762,97.17294963208501
NA,Vegetables,65PLUS,MALE,Depression,53.41774899564963,64.7567621387134
NA,Vegetables,5064,FEMALE,Depression,77.31471396636785,88.50414119007482
NA,Vegetables,5064,OVERALL,Depression,11.11855490785831,4.354088541013204
NA,Vegetables,65PLUS,NAA,Depression,48.29924490345897,55.28512263538891
NA,Vegetables,AGE_OVERALL,BLK,Depression,15.007816021143753,20.02103673158593
NA,Vegetables,5064,MALE,Depression,60.66926684620846,65.31822493375999
NA,Vegetables,AGE_OVERALL,ASN,Depression,23.868311968665576,39.38336408294787
NA,Vegetables,5064,ASN,Depression,83.38378252077646,113.77767806159596
NA,Vegetables,5064,FEMALE,Depression,36.687424719994034,43.47768888020248
NA,Vegetables,65PLUS,OVERALL,Depression,80.51347836978607,86.3811375187171
NA,Vegetables,AGE_OVERALL,WHT,Depression,47.60481927266237,54.06697756635296
NA,Vegetables,5064,WHT,Depression,95.17786695243288,111.18463899758997
NA,Vegetables,AGE_OVERALL,FEMALE,Depression,53.147329895894444,54.89838656219699
NA,Vegetables,65PLUS,MALE,Depression,87.34281823638902,101.4118668008069
NA,Vegetables,65PLUS,BLK,Depression,41.49059348248813,65.37951087282696
NA,Vegetables,65PLUS,MALE,Depression,49.18660710885056,58.92462540652218
NA,Vegetables,AGE_OVERALL,MALE,Depression,19.861891148217623,15.76433684544329
NA,Vegetables,65PLUS,ASN,Depression,32.48087574415867,63.18542079418374
NA,Vegetables,AGE_OVERALL,ASN,Depression,74.21861275019853,95.52599886551904
NA,Vegetables,65PLUS,ASN,Depression,21.059922751440343,50.156610502195996
NA,Vegetables,AGE_OVERALL,ASN,Depression,34.827306678899895,51.758992207303464
NA,Vegetables,AGE_OVERALL,BLK,Depression,58.405127870438946,71.42767374120287
NA,Vegetables,AGE_OVERALL,BLK,Depression,72.19537524639722,83.42550685544843
NA,Vegetables,AGE_OVERALL,NAA,Depression,93.43038238879666,91.21019452455411
NA,Vegetables,65PLUS,ASN,Depression,5.078683655479189,32.250251911882955
NA,Vegetables,AGE_OVERALL,NAA,Depression,17.68140934505145,9.741052672464859
NA,Vegetables,65PLUS,BLK,Depression,65.95989181886623,90.91529744150638
NA,Vegetables,AGE_OVERALL,WHT,Depression,37.078991647956684,42.57050538411622
NA,Vegetables,AGE_OVERALL,NAA,Depression,42.09954358153715,34.15652194628812
NA,Vegetables,AGE_OVERALL,ASN,Depression,103.07205703464331,127.0490660856605
NA,Vegetables,AGE_OVERALL,ASN,Depression,72.98933530380899,93.74025412865473
NA,Vegetables,5064,BLK,Depression,54.4597185951872,70.32822929015228
NA,Vegetables,AGE_OVERALL,ASN,Depression,31.805923342042973,49.31941593089609
NA,Vegetables,5064,BLK,Depression,48.92112562105815,65.68717517991482
NA,Vegetables,5064,OVERALL,Depression,68.0393927094421,66.96322767586886
NA,Vegetables,5064,MALE,Depression,54.01942102455803,59.54131754212696
NA,Vegetables,5064,HIS,Depression,31.984171230996196,50.55112104350934
NA,Vegetables,65PLUS,OVERALL,Depression,14.752225743466582,12.773733524445024
NA,Vegetables,AGE_OVERALL,MALE,Depression,28.279935150036252,24.373374877699423
NA,Vegetables,5064,WHT,Depression,71.22086018344291,85.68442102054314
NA,Vegetables,65PLUS,MALE,Depression,52.29514582579797,63.34965153216273
NA,Vegetables,AGE_OVERALL,WHT,Depression,75.8748888706294,84.44231154256106
NA,Vegetables,65PLUS,FEMALE,Depression,61.96892967364567,79.75661139036431
NA,Vegetables,5064,OVERALL,Depression,81.93980755162625,79.53883307780258
NA,Vegetables,65PLUS,WHT,Depression,69.28642596834904,90.93365363869134
NA,Vegetables,65PLUS,HIS,Depression,79.97115203220281,109.60305788436708
NA,Vegetables,65PLUS,OVERALL,Depression,64.69400304378263,69.94032933847792
NA,Vegetables,AGE_OVERALL,FEMALE,Depression,74.99567955972331,80.99496550596167
NA,Vegetables,AGE_OVERALL,BLK,Depression,50.30743258902455,61.46412981303361
NA,Vegetables,65PLUS,MALE,Depression,57.99988267827683,68.49897587084205
NA,Vegetables,65PLUS,OVERALL,Depression,101.84721318013888,109.48219598769299
NA,Vegetables,65PLUS,HIS,Depression,70.54075311587609,99.51857637652815
NA,Vegetables,65PLUS,BLK,Depression,73.0786495747927,99.4832683348836
NA,Vegetables,5064,HIS,Depression,74.73082595758866,99.69544639585077
NA,Vegetables,65PLUS,HIS,Depression,47.635939989501225,74.65360715211989
NA,Vegetables,5064,FEMALE,Depression,39.48049825386772,47.44535717951454
NA,Vegetables,AGE_OVERALL,MALE,Depression,43.48690042177334,39.3341363443882
NA,Vegetables,5064,MALE,Depression,35.090943847721675,38.22822087308272
NA,Vegetables,65PLUS,OVERALL,Depression,39.557773159736264,42.00748125995377
NA,Vegetables,65PLUS,NAA,Depression,59.151059574992495,64.76558888227596
NA,Vegetables,65PLUS,NAA,Depression,15.188142961588191,19.199780403759743
NA,Vegetables,5064,MALE,Depression,45.30056341086619,50.34143488093563
NA,Vegetables,5064,OVERALL,Depression,40.80941304792712,36.99795898281261
NA,Vegetables,65PLUS,ASN,Depression,50.87870519697175,82.8331733821893
NA,Vegetables,65PLUS,ASN,Depression,37.35661094098221,67.61262082071649
NA,Vegetables,5064,HIS,Depression,76.42789527384217,98.47266354168423
NA,Vegetables,5064,OVERALL,Depression,25.756218075268425,21.1783633938801
NA,Vegetables,65PLUS,BLK,Depression,64.3460644815212,88.66628744163629
NA,Vegetables,5064,WHT,Depression,8.39308187630872,17.265601660391404
NA,Vegetables,5064,OVERALL,Depression,73.4358795995507,72.5960311018181
NA,Vegetables,AGE_OVERALL,OVERALL,Depression,58.18383705078479,47.840053127922644
NA,Vegetables,AGE_OVERALL,OVERALL,Depression,40.49879514109559,29.729908487261245
NA,Vegetables,65PLUS,MALE,Depression,54.514685711197984,67.05936367806747
NA,Vegetables,AGE_OVERALL,WHT,Depression,37.24547504652409,43.0077982362251
NA,Vegetables,5064,HIS,Depression,81.1825453778501,107.31235565570049
NA,Vegetables,5064,ASN,Depression,30.686829220558597,54.823999886178385
NA,Vegetables,5064,FEMALE,Depression,63.8670620002406,74.72073151641531
NA,Vegetables,65PLUS,OVERALL,Depression,22.221509309939293,22.724144087313825
NA,Vegetables,5064,WHT,Depression,72.4563040090846,88.3246718808154
NA,Vegetables,65PLUS,OVERALL,Depression,4.718071424509809,2.2554800082788398
NA,Vegetables,AGE_OVERALL,BLK,Depression,63.86870410397947,74.97583139973652
NA,Vegetables,65PLUS,ASN,Depression,31.38392234590274,59.533218149768565
NA,Vegetables,65PLUS,FEMALE,Depression,63.63340792452419,80.870348946927
NA,Vegetables,AGE_OVERALL,MALE,Depression,93.88471423710159,97.74647839759152
NA,Vegetables,AGE_OVERALL,HIS,Depression,33.69733338499112,46.46236286890193
NA,Vegetables,AGE_OVERALL,WHT,Depression,25.049371863164605,29.713294764563393
NA,Vegetables,65PLUS,WHT,Depression,29.04782046077859,45.9884699243152
NA,Vegetables,AGE_OVERALL,HIS,Depression,49.34703189913885,66.35008025071845
NA,Vegetables,AGE_OVERALL,NAA,Depression,97.86771155912723,97.15366813249956
NA,Vegetables,5064,FEMALE,Depression,54.495741394107554,64.27251688270178
NA,Vegetables,65PLUS,WHT,Depression,64.4467686043491,83.10599084395568
NA,Vegetables,5064,ASN,Depression,33.9595448022912,57.622747875643036
NA,Vegetables,65PLUS,WHT,Depression,39.23240764805303,56.87289298703199
NA,Vegetables,65PLUS,MALE,Depression,8.931527012206871,16.15606483519762
NA,Vegetables,5064,NAA,Depression,6.167383629356017,1.0606023727231217
NA,Vegetables,65PLUS,HIS,Depression,43.20136112246393,70.59891550099184
NA,Vegetables,65PLUS,WHT,Depression,27.04178346425937,44.623299574624376
NA,Vegetables,65PLUS,MALE,Depression,64.55330180780027,75.66192043463386
NA,Vegetables,AGE_OVERALL,OVERALL,Depression,28.91018626296011,17.941851066215875
NA,Vegetables,5064,NAA,Depression,61.75544542672335,62.5634356961539
NA,Vegetables,5064,OVERALL,Depression,88.302654878,89.06433106585746
NA,Vegetables,AGE_OVERALL,WHT,Depression,96.77892813606174,106.89364602910642
NA,Vegetables,5064,MALE,Depression,61.19793667932317,67.21375782429287
NA,Vegetables,5064,ASN,Depression,31.117622561418095,52.75776918559496
NA,Vegetables,65PLUS,MALE,Depression,43.931319521325584,55.035067270872425
NA,Vegetables,AGE_OVERALL,OVERALL,Depression,61.383075941912175,52.302067579399456
NA,Vegetables,65PLUS,ASN,Depression,91.87127428489255,126.38055415912562
NA,Vegetables,AGE_OVERALL,MALE,Depression,68.0376224199461,68.44433285928312
NA,Vegetables,AGE_OVERALL,ASN,Depression,40.38727266777618,59.573413023189204
NA,Vegetables,65PLUS,MALE,Depression,23.02883294018092,32.17801213542678
NA,Vegetables,AGE_OVERALL,BLK,Depression,28.595954959892882,36.58621664981931
NA,Vegetables,65PLUS,MALE,Depression,75.18421831841422,88.77122762765295
NA,Vegetables,5064,BLK,Depression,93.86177579918248,115.20807850457682
NA,Vegetables,5064,FEMALE,Depression,102.66126112871208,115.72949462996239
NA,Vegetables,AGE_OVERALL,NAA,Depression,107.70058469200659,107.62931237561214
NA,Vegetables,AGE_OVERALL,BLK,Depression,35.42278823193041,44.12603241657909
NA,Vegetables,AGE_OVERALL,WHT,Depression,31.670191275867353,35.877835278972725
NA,Vegetables,AGE_OVERALL,OVERALL,Depression,100.8837654661379,94.7943811986938
NA,Vegetables,65PLUS,ASN,Depression,66.65064503435197,99.82864355118815
NA,Vegetables,5064,MALE,Depression,38.001633096579525,42.09993775339647
NA,Vegetables,AGE_OVERALL,HIS,Depression,53.927532618839194,70.53420779563531
NA,Vegetables,65PLUS,ASN,Depression,26.918254074493138,57.259115942441184
NA,Vegetables,AGE_OVERALL,BLK,Depression,29.550523943798336,37.091629322621394
NA,Vegetables,AGE_OVERALL,HIS,Depression,103.9399969171276,124.51406633846996
NA,Vegetables,AGE_OVERALL,FEMALE,Depression,87.35144475247611,94.22124144447781
NA,Vegetables,65PLUS,WHT,Depression,36.61444296656885,52.80073566751953
NA,Vegetables,65PLUS,BLK,Depression,11.232890669887574,29.393445152605143
NA,Vegetables,65PLUS,FEMALE,Depression,93.37880087321857,112.6085557030216
NA,Vegetables,5064,BLK,Depression,34.81800892860785,48.502119139188366
NA,Vegetables,65PLUS,MALE,Depression,38.949205534557436,48.97910786613691
NA,Vegetables,AGE_OVERALL,OVERALL,Depression,32.38134193000515,20.201137959492158
NA,Vegetables,5064,FEMALE,Depression,15.451141334515981,18.775994591328722
NA,Vegetables,5064,HIS,Depression,9.149254163402922,24.34494642216067
NA,Vegetables,5064,FEMALE,Depression,60.29487939815897,71.95301440694145
NA,Vegetables,65PLUS,WHT,Depression,98.80344309018528,123.51318216094262
NA,Vegetables,65PLUS,WHT,Depression,64.93426047591603,85.07129463131501
NA,Vegetables,65PLUS,NAA,Depression,59.69261499272835,66.77268033603578
NA,Vegetables,5064,HIS,Depression,40.24049943492023,60.07875590020984
NA,Vegetables,AGE_OVERALL,HIS,Depression,62.55207022506703,78.35879555426655
NA,Vegetables,65PLUS,WHT,Depression,95.59267113336482,118.53651891699165
NA,Vegetables,5064,MALE,Depression,60.518326341435156,65.75207259769664
NA,Vegetables,65PLUS,OVERALL,Depression,5.862205280961298,4.8858379400188365
NA,Vegetables,5064,BLK,Depression,77.34448769393552,97.8143927370377
NA,Vegetables,5064,FEMALE,Depression,12.736970520868255,18.25213679091899
NA,Vegetables,65PLUS,FEMALE,Depression,35.322447251529816,49.87429896303289
NA,Vegetables,AGE_OVERALL,MALE,Depression,66.97526241979244,67.36829000355124
NA,Vegetables,65PLUS,NAA,Depression,96.57159519362396,108.77151474234684
NA,Vegetables,AGE_OVERALL,FEMALE,Depression,53.847307534672275,54.572467790682694
NA,Vegetables,5064,HIS,Depression,33.26157931453676,54.3077588600122
NA,Vegetables,65PLUS,BLK,Depression,46.97549957444745,69.05995375374313
NA,Vegetables,5064,WHT,Depression,84.30556264287344,102.04343126340257
NA,Vegetables,5064,OVERALL,Depression,64.98461951120258,62.844516670292755
NA,Vegetables,5064,BLK,Depression,80.75875774551079,99.5829623381531
NA,Vegetables,AGE_OVERALL,OVERALL,Depression,98.30559343117507,94.01911471570935
NA,Vegetables,AGE_OVERALL,HIS,Depression,64.13259685862499,80.64005300172158
NA,Vegetables,65PLUS,HIS,Depression,69.42661881918607,97.96889768772856
NA,Vegetables,65PLUS,FEMALE,Depression,17.256057164283746,30.207902994341705
NA,Vegetables,AGE_OVERALL,NAA,Depression,40.22930276462428,34.249628919678635
NA,Vegetables,5064,WHT,Depression,45.776034246079206,58.38510721141244
NA,Vegetables,AGE_OVERALL,OVERALL,Depression,49.80415359868008,40.249804039496524
NA,Vegetables,AGE_OVERALL,FEMALE,Depression,59.92557400681538,61.88814239957544
NA,Vegetables,AGE_OVERALL,HIS,Depression,41.09244337280204,55.851019479178056
NA,Vegetables,AGE_OVERALL,NAA,Depression,47.12663904922704,41.41969413885588
NA,Vegetables,65PLUS,HIS,Depression,3.738125697476775,26.06430113654076
NA,Vegetables,65PLUS,FEMALE,Depression,74.02087063724842,91.83437843461017
NA,Vegetables,65PLUS,WHT,Depression,35.43284472090237,52.221426403559335
NA,Vegetables,AGE_OVERALL,OVERALL,Depression,47.78035311352008,38.543978651539874
NA,Vegetables,65PLUS,HIS,Depression,89.9521895236964,120.18028178476753
NA,Vegetables,5064,MALE,Depression,41.95038576782154,45.144607186820004
NA,Vegetables,5064,WHT,Depression,32.13922752411234,43.7884893428971
NA,Vegetables,AGE_OVERALL,HIS,Depression,13.530983905543586,23.991164734370482
NA,Vegetables,65PLUS,BLK,Depression,76.73852035651768,104.00707367113459
NA,Vegetables,65PLUS,ASN,Depression,92.90941135358231,129.47210604988229
NA,Vegetables,AGE_OVERALL,NAA,Depression,68.1560951160761,62.280787911989535
NA,Vegetables,5064,BLK,Depression,42.636465974518856,58.30395181334057
NA,Vegetables,65PLUS,FEMALE,Depression,59.46169435540795,74.41411464383756
NA,Vegetables,AGE_OVERALL,WHT,Depression,46.32154081575413,51.22768376246536
NA,Vegetables,5064,OVERALL,Depression,69.86206090364705,65.75140951419658
NA,Vegetables,AGE_OVERALL,HIS,Depression,37.28230306541341,50.4310723654506
NA,Vegetables,65PLUS,HIS,Depression,26.31077008128396,51.3887183123349
NA,Vegetables,5064,MALE,Depression,18.132499309829214,20.289074755642577
NA,Vegetables,5064,WHT,Depression,47.84154347178996,62.32814382182085
NA,Vegetables,65PLUS,OVERALL,Depression,42.57575184762821,45.79768468320922
NA,Vegetables,5064,HIS,Depression,25.069000305284916,42.57454315156825
NA,Vegetables,65PLUS,FEMALE,Depression,11.808546153705798,23.165926988920713
NA,Vegetables,5064,BLK,Depression,54.189973749168104,71.99599024607232
NA,Vegetables,AGE_OVERALL,HIS,Depression,31.31440426878353,42.38307375349385
NA,Vegetables,65PLUS,ASN,Depression,55.69522025602408,86.09666705554146
NA,Vegetables,65PLUS,FEMALE,Depression,57.40195384445252,72.97084117447834
NA,Vegetables,65PLUS,NAA,Depression,11.54732135417661,14.021409583744763
NA,Vegetables,65PLUS,HIS,Depression,14.657697899991689,37.38895043793073
NA,Vegetables,65PLUS,OVERALL,Depression,12.880082847714547,11.21735806635175
NA,Vegetables,AGE_OVERALL,MALE,Depression,73.21137863453977,73.53326866179036
NA,Vegetables,65PLUS,NAA,Depression,6.466510358473947,9.766620629564756
NA,Vegetables,65PLUS,MALE,Depression,74.95525404400357,88.51977886238325
NA,Vegetables,AGE_OVERALL,NAA,Depression,63.83222479455319,59.015726103934036
NA,Vegetables,5064,FEMALE,Depression,55.49941861723801,64.83219465277948
NA,Vegetables,AGE_OVERALL,WHT,Depression,79.32584350851499,88.275982970449
NA,Vegetables,AGE_OVERALL,ASN,Depression,26.76670333468818,44.573167004436286
NA,Vegetables,5064,NAA,Depression,21.78374938139236,20.023313128850404
NA,Vegetables,65PLUS,NAA,Depression,94.99723678807021,107.20454007144681
NA,Vegetables,65PLUS,NAA,Depression,49.98056462503965,54.96360067356875
NA,Vegetables,65PLUS,FEMALE,Depression,64.520685151467,82.78589068734325
NA,Vegetables,65PLUS,ASN,Depression,22.617063678652073,51.64310175954087
NA,Vegetables,AGE_OVERALL,HIS,Depression,79.69523191091562,96.14171638523815
NA,Vegetables,AGE_OVERALL,WHT,Depression,78.55996061104922,87.68811551869358
NA,Vegetables,65PLUS,ASN,Depression,43.46953076031339,74.97881388226469
NA,Vegetables,65PLUS,FEMALE,Depression,15.285967266020215,26.181125715984027
NA,Vegetables,AGE_OVERALL,NAA,Depression,63.4993666519415,60.43902415491869
NA,Vegetables,5064,ASN,Depression,48.91758084138683,74.81469549743551
NA,Vegetables,5064,ASN,Depression,45.93121668719529,70.80583782056922
NA,Vegetables,5064,ASN,Depression,58.30262075977676,84.5120416472212
NA,Vegetables,AGE_OVERALL,FEMALE,Depression,99.81196669346484,108.27137489662401
NA,Vegetables,65PLUS,WHT,Depression,82.50363873333218,104.71598352223404
NA,Vegetables,5064,WHT,Depression,68.22328584188868,83.0863249727064
NA,Vegetables,AGE_OVERALL,BLK,Depression,80.18701487467558,94.45585380388069
NA,Vegetables,65PLUS,BLK,Depression,61.43964077461612,84.19370930274074
NA,Vegetables,AGE_OVERALL,ASN,Depression,6.063725955555206,19.714786778196576
NA,Vegetables,AGE_OVERALL,BLK,Depression,67.44966439889157,79.95408439808455
NA,Vegetables,5064,BLK,Depression,72.06220610668902,91.78854190527477
NA,Vegetables,65PLUS,FEMALE,Depression,70.42197315817604,87.2766970942714
NA,Vegetables,5064,FEMALE,Depression,34.613938519136866,42.55600284719757
NA,Vegetables,5064,HIS,Depression,75.01460225008026,97.91952888289495
NA,Vegetables,AGE_OVERALL,WHT,Depression,70.36975163601457,79.14465610396664
NA,Vegetables,AGE_OVERALL,HIS,Depression,44.483636408211275,56.96806269736903
NA,Vegetables,65PLUS,MALE,Depression,49.14482412570366,59.425180758169596
NA,Vegetables,65PLUS,HIS,Depression,69.27919156174721,97.35244371087971
NA,Vegetables,65PLUS,HIS,Depression,74.08836251378479,105.24518223191632
NA,Vegetables,65PLUS,WHT,Depression,82.8162752540079,106.06890239663795
NA,Vegetables,65PLUS,HIS,Depression,41.79066805334047,67.64094525816189
NA,Vegetables,65PLUS,OVERALL,Depression,81.12844110082011,87.44458090625484
NA,Vegetables,65PLUS,MALE,Depression,60.34695475436531,71.15806498067623
NA,Vegetables,AGE_OVERALL,WHT,Depression,86.21295462193432,95.9636216481629
NA,Vegetables,65PLUS,ASN,Depression,5.982024750118633,33.17112079902528
NA,Vegetables,65PLUS,OVERALL,Depression,54.1830626749085,57.92901390852383
NA,Vegetables,5064,FEMALE,Depression,90.97775786513395,104.63151145038941
NA,Vegetables,AGE_OVERALL,HIS,Depression,86.2498998908347,103.80319654547313
NA,Vegetables,65PLUS,FEMALE,Depression,68.37102070938678,85.34566400193752
NA,Vegetables,AGE_OVERALL,BLK,Depression,103.01991232000944,117.45856835117407
NA,Vegetables,AGE_OVERALL,OVERALL,Depression,36.329194977813856,25.796787904272495
NA,Vegetables,AGE_OVERALL,WHT,Depression,47.20459508618538,53.32660537051335
NA,Vegetables,AGE_OVERALL,OVERALL,Depression,70.3925923851249,61.51822549417511
NA,Vegetables,5064,HIS,Depression,68.75766908490999,91.1925582664359
NA,Vegetables,65PLUS,NAA,Depression,51.21535349450078,58.63912500694429
NA,Vegetables,5064,NAA,Depression,46.298230410357,44.59651967452968
NA,Vegetables,5064,BLK,Depression,69.60485836534062,90.16998519332617
NA,Vegetables,AGE_OVERALL,FEMALE,Depression,62.93310369789247,65.74515727944444
NA,Vegetables,5064,OVERALL,Depression,92.09140185664448,92.40443681731351
NA,Vegetables,65PLUS,MALE,Depression,6.411186643737118,12.259322688926067
NA,Vegetables,65PLUS,ASN,Depression,34.79667952340885,64.63581977624915
NA,Vegetables,65PLUS,FEMALE,Depression,68.55557473426833,86.87863177291368
NA,Vegetables,5064,FEMALE,Depression,71.4784712246188,81.85915697284324
NA,Vegetables,65PLUS,OVERALL,Depression,84.46932524773467,91.31754585479291
NA,Vegetables,5064,OVERALL,Depression,93.50755200227451,94.0702530488699
NA,Vegetables,AGE_OVERALL,ASN,Depression,25.176759510303278,38.935655631089695
NA,Vegetables,AGE_OVERALL,FEMALE,Depression,46.65365665794687,48.61878605054581
NA,Vegetables,5064,BLK,Depression,64.88357343738532,83.34329924173053
NA,Vegetables,65PLUS,BLK,Depression,35.35297719044304,56.58041510320039
NA,Vegetables,65PLUS,MALE,Depression,74.79245211024926,86.49775185718852
NA,Vegetables,65PLUS,ASN,Depression,90.94031262653544,127.43209640948172
NA,Vegetables,5064,OVERALL,Depression,29.907610234807645,24.47247542471782
NA,Vegetables,5064,BLK,Depression,64.31958827577373,83.2229411672165
NA,Vegetables,5064,ASN,Depression,49.88888464283125,73.75800448101583
NA,Vegetables,5064,BLK,Depression,63.02687254267537,81.71080638453357
NA,Vegetables,5064,ASN,Depression,28.05976344352343,51.74597165929587
NA,Vegetables,5064,FEMALE,Depression,33.06432735184024,39.451726727008754
NA,Vegetables,5064,NAA,Depression,78.11760569244467,81.98630701607688
NA,Vegetables,AGE_OVERALL,OVERALL,Depression,39.89648588590061,29.486866682200006
NA,Vegetables,5064,FEMALE,Depression,54.27855138605463,62.337006025981914
NA,Vegetables,5064,HIS,Depression,87.70650260942018,111.18881226428276
NA,Vegetables,65PLUS,FEMALE,Depression,14.928040726512926,24.97935375080293
NA,Vegetables,5064,WHT,Depression,42.26108405538509,55.273710172232306
NA,Vegetables,5064,BLK,Depression,7.741896460338353,19.340173454556844
NA,Vegetables,5064,MALE,Depression,97.74893999622589,106.76129795482869
NA,Vegetables,5064,MALE,Depression,59.66727552949074,65.93354795857438
NA,Vegetables,AGE_OVERALL,MALE,Depression,89.31953631937398,93.27466490942274
NA,Vegetables,5064,WHT,Depression,32.04577949165415,42.998855407915876
NA,Vegetables,5064,BLK,Depression,68.33502080071516,88.04820580750635
NA,Vegetables,65PLUS,OVERALL,Depression,4.03752608401264,2.176255470030216
NA,Vegetables,5064,WHT,Depression,61.93418895237471,76.04390050229868
NA,Vegetables,AGE_OVERALL,NAA,Depression,12.29508694472154,2.402328526661392
NA,Vegetables,AGE_OVERALL,HIS,Depression,49.607433857017675,63.76545314004365
NA,Vegetables,AGE_OVERALL,OVERALL,Depression,39.63957905361794,29.07484858089344
NA,Vegetables,5064,HIS,Depression,34.544713739162184,54.23828809314429
NA,Vegetables,65PLUS,OVERALL,Depression,97.0655165679759,104.40913214169129
NA,Vegetables,AGE_OVERALL,FEMALE,Depression,43.688968551633,45.66167617475278
NA,Vegetables,65PLUS,HIS,Depression,26.068325627221284,49.26590903764794
NA,Vegetables,AGE_OVERALL,ASN,Depression,24.284909807086244,38.852688837009595
NA,Vegetables,65PLUS,BLK,Depression,85.98221849400298,113.39284386413476
NA,Vegetables,65PLUS,ASN,Depression,25.49980243983974,55.84978241287178
NA,Vegetables,65PLUS,ASN,Depression,41.960065716474446,73.10169185233815
NA,Vegetables,5064,ASN,Depression,18.844234199710495,37.35654303833911
NA,Vegetables,65PLUS,NAA,Depression,14.410725524629271,17.102765616035178
NA,Vegetables,65PLUS,ASN,Depression,79.39338768293138,113.38783714626557
NA,Vegetables,AGE_OVERALL,ASN,Depression,65.43086777628359,85.62812295668729
NA,Vegetables,AGE_OVERALL,BLK,Depression,66.52677475713438,78.70851398230846
NA,Vegetables,AGE_OVERALL,ASN,Depression,21.21847916474561,35.78377260839179
NA,Vegetables,5064,ASN,Depression,88.36344486311678,117.90691484605546
NA,Vegetables,65PLUS,NAA,Depression,20.63487773154168,25.087677083179663
NA,Vegetables,65PLUS,NAA,Depression,62.932636605164916,70.67936209693049
NA,Vegetables,65PLUS,WHT,Depression,71.8915301840455,94.1290682477089
NA,Vegetables,65PLUS,WHT,Depression,28.978089866621108,46.80982348272512
NA,Vegetables,5064,FEMALE,Depression,29.282419601451725,36.74967818505345
NA,Vegetables,65PLUS,NAA,Depression,49.3736409064129,57.08157275705494
NA,Vegetables,AGE_OVERALL,NAA,Depression,21.03758063271446,11.32056117637635
NA,Vegetables,AGE_OVERALL,NAA,Depression,106.90941974818767,106.75426172210402
NA,Vegetables,5064,MALE,Depression,83.31527833001019,91.16288268988683
NA,Vegetables,AGE_OVERALL,MALE,Depression,22.182600488865816,17.956508600486117
NA,Vegetables,AGE_OVERALL,BLK,Depression,69.76774279898095,82.74719032041024
NA,Vegetables,65PLUS,MALE,Depression,34.781100234935835,43.78862223472076
NA,Vegetables,AGE_OVERALL,BLK,Depression,6.444678628365779,12.680003119168296
NA,Vegetables,65PLUS,HIS,Depression,40.02633279915048,66.47764121431739
NA,Vegetables,65PLUS,NAA,Depression,41.689922454340135,47.12684824305502
NA,Vegetables,65PLUS,FEMALE,Depression,61.72236052734995,77.58979907090415
NA,Vegetables,65PLUS,HIS,Depression,71.0957615354786,101.40702033280715
NA,Vegetables,AGE_OVERALL,HIS,Depression,34.67641387280962,47.35224951693213
NA,Vegetables,65PLUS,ASN,Depression,84.45647665256313,120.67006625862813
NA,Vegetables,5064,NAA,Depression,17.530632317010983,13.160142706826651
NA,Vegetables,65PLUS,FEMALE,Depression,20.81354969375545,33.85421618497937
NA,Vegetables,65PLUS,MALE,Depression,23.540480826589448,31.925220267030745
NA,Vegetables,AGE_OVERALL,NAA,Depression,77.63095585862061,75.95858745327311
NA,Vegetables,5064,NAA,Depression,66.51925424821957,68.79958625177679
NA,Vegetables,5064,BLK,Depression,40.371133292783284,56.86662181649992
NA,Vegetables,5064,OVERALL,Depression,58.01239228050454,53.27130575907157
NA,Vegetables,65PLUS,OVERALL,Depression,16.90215795272563,15.546958742410132
NA,Vegetables,65PLUS,WHT,Depression,57.95942706496816,75.9810993636507
NA,Vegetables,65PLUS,FEMALE,Depression,76.89928639259618,94.95384848980297
NA,Vegetables,AGE_OVERALL,MALE,Depression,81.29825214041676,82.75070889869286
NA,Vegetables,5064,MALE,Depression,78.73617208546902,86.25115562556678
NA,Vegetables,AGE_OVERALL,FEMALE,Depression,26.837873689365043,27.155750954944043
NA,Vegetables,AGE_OVERALL,NAA,Depression,42.59328975191964,34.728698621579184
NA,Vegetables,5064,NAA,Depression,31.765136888008747,28.449244475017903
NA,Vegetables,65PLUS,FEMALE,Depression,81.46768165979871,99.34689258067505
NA,Vegetables,5064,OVERALL,Depression,46.197675360788296,42.93038153937271
NA,Vegetables,5064,FEMALE,Depression,39.14117788323372,45.92092107632619
NA,Vegetables,65PLUS,OVERALL,Depression,11.932699489040658,9.995718973919184
NA,Vegetables,AGE_OVERALL,WHT,Depression,90.83118144007358,102.19389743398513
NA,Vegetables,5064,FEMALE,Depression,37.02970848261851,44.73611581302526
NA,Vegetables,5064,OVERALL,Depression,27.87197527356689,23.15676342250805
NA,Vegetables,65PLUS,WHT,Depression,30.53647897814904,47.13054607086406
NA,Vegetables,65PLUS,BLK,Depression,23.48071386180052,45.75715350886482
NA,Vegetables,65PLUS,FEMALE,Depression,17.962222340081603,29.17792668371389
NA,Vegetables,AGE_OVERALL,FEMALE,Depression,73.0738303253086,76.80575325344135
NA,Vegetables,65PLUS,HIS,Depression,20.709097577456987,45.576659289404745
NA,Vegetables,AGE_OVERALL,MALE,Depression,31.326076502701326,27.844378983857588
NA,Vegetables,65PLUS,OVERALL,Depression,69.4830445932144,74.77353489672038
NA,Vegetables,65PLUS,BLK,Depression,55.47569305010696,81.74171080649306
NA,Vegetables,AGE_OVERALL,BLK,Depression,8.825075051118567,14.35713071546947
NA,Vegetables,5064,OVERALL,Depression,57.62226263116998,54.697494237807476
NA,Vegetables,65PLUS,WHT,Depression,59.70804697208817,79.85522294619167
NA,Vegetables,5064,WHT,Depression,59.438705264090174,72.08530391545102
NA,Vegetables,AGE_OVERALL,BLK,Depression,51.339817526185556,62.46636811585057
NA,Vegetables,AGE_OVERALL,NAA,Depression,56.746608269925375,51.29038641327155
NA,Vegetables,65PLUS,ASN,Depression,37.49727249545022,68.63681204343186
NA,Vegetables,65PLUS,ASN,Depression,42.79724499547568,72.88361056347021
NA,Vegetables,5064,NAA,Depression,61.33499446795598,64.11490727743416
NA,Vegetables,AGE_OVERALL,HIS,Depression,18.354974377489583,28.561984044148808
NA,Vegetables,65PLUS,OVERALL,Depression,56.07007301162723,57.97683771170172
NA,Vegetables,65PLUS,ASN,Depression,25.45234576795188,53.04090306886049
NA,Vegetables,5064,BLK,Depression,30.9982054511751,45.37984148422655
NA,Vegetables,5064,MALE,Depression,71.2095320545032,77.6050468305749
NA,Vegetables,65PLUS,ASN,Depression,13.017671497794211,40.469145478043025
NA,Vegetables,5064,BLK,Depression,45.599937870497186,60.29531950850036
NA,Vegetables,65PLUS,MALE,Depression,33.975133701974734,44.869535260668584
NA,Vegetables,AGE_OVERALL,MALE,Depression,64.52259584063782,63.739848076742305
NA,Vegetables,65PLUS,MALE,Depression,16.411721728154234,23.235198150780246
NA,Vegetables,5064,ASN,Depression,28.30875058964349,50.38084989242854
NA,Vegetables,AGE_OVERALL,HIS,Depression,16.474323274278944,27.52869249500326
NA,Vegetables,5064,OVERALL,Depression,35.64164337481856,32.43184985889513
NA,Vegetables,65PLUS,MALE,Depression,57.43821730242421,69.33102070931291
NA,Vegetables,AGE_OVERALL,ASN,Depression,53.044138100644886,71.6155127216725
NA,Vegetables,65PLUS,BLK,Depression,35.52158628627345,56.51717689724999
NA,Vegetables,65PLUS,OVERALL,Depression,37.58625177645406,39.26699108971677
NA,Vegetables,65PLUS,FEMALE,Depression,4.084927343227889,15.25622335284605
NA,Vegetables,AGE_OVERALL,FEMALE,Depression,79.49857436722093,84.02337501684207
NA,Vegetables,65PLUS,BLK,Depression,83.43854622244635,109.59074786102619
NA,Vegetables,65PLUS,MALE,Depression,81.78595728921472,96.92287597744355
NA,Vegetables,65PLUS,ASN,Depression,75.90157760898701,109.80436194451494
NA,Vegetables,5064,WHT,Depression,83.45511609869655,100.00492256746234
NA,Vegetables,AGE_OVERALL,OVERALL,Depression,62.97238283990583,53.84727091608741
NA,Vegetables,65PLUS,ASN,Depression,49.94178043644735,80.65191055414316
NA,Vegetables,5064,WHT,Depression,31.608223428306022,42.20358564400885
NA,Vegetables,65PLUS,NAA,Depression,42.36959096943497,48.54130687106431
NA,Vegetables,5064,NAA,Depression,77.03573764980194,80.00215638028224
NA,Vegetables,65PLUS,BLK,Depression,9.833680339600548,29.804182006850453
NA,Vegetables,65PLUS,HIS,Depression,77.46711759209293,107.16596087774283
NA,Vegetables,65PLUS,OVERALL,Depression,85.94155801658789,94.59985534552253
NA,Vegetables,65PLUS,NAA,Depression,33.81490748184278,38.706466833440636
NA,Vegetables,65PLUS,ASN,Depression,20.273507396553917,48.46871488013397
NA,Vegetables,5064,FEMALE,Depression,74.04346014713506,83.62154592936369
NA,Vegetables,65PLUS,MALE,Depression,38.398017631552875,48.43827719433486
NA,Vegetables,65PLUS,OVERALL,Depression,67.28352734248465,72.83485973993383
NA,Vegetables,5064,HIS,Depression,46.024454584182045,65.67490418855571
NA,Vegetables,5064,WHT,Depression,36.201007544363804,48.437054050108124
NA,Vegetables,AGE_OVERALL,MALE,Depression,79.31115961583993,79.8850001195426
NA,Vegetables,AGE_OVERALL,NAA,Depression,66.82557526780667,61.97918864321653
NA,Vegetables,5064,WHT,Depression,3.9942091087880414,13.013549461670749
NA,Vegetables,AGE_OVERALL,MALE,Depression,76.83635586331243,78.37787778042909
NA,Vegetables,65PLUS,OVERALL,Depression,52.38991272996732,55.58814561685893
NA,Vegetables,65PLUS,WHT,Depression,42.094966673303304,61.83843055810131
NA,Vegetables,65PLUS,NAA,Depression,67.09239473532153,74.73244025667628
NA,Vegetables,5064,NAA,Depression,55.030924343503095,57.51549710257534
NA,Vegetables,5064,ASN,Depression,59.452240577239344,82.5445401983205
NA,Vegetables,AGE_OVERALL,OVERALL,Depression,50.42863495962651,39.825495857282
NA,Vegetables,AGE_OVERALL,WHT,Depression,78.4061492187466,88.21526394034892
NA,Vegetables,5064,MALE,Depression,77.76857094080033,85.87712465549883
NA,Vegetables,5064,NAA,Depression,80.55099980929296,84.34671508875826
NA,Vegetables,AGE_OVERALL,FEMALE,Depression,104.3101750824808,111.06655054575428
NA,Vegetables,5064,ASN,Depression,8.046046647495324,28.72011814616888
NA,Vegetables,5064,WHT,Depression,10.300849484305125,17.434062773735743
NA,Vegetables,5064,FEMALE,Depression,81.64207147852565,93.5770128106341
NA,Vegetables,65PLUS,ASN,Depression,78.42676350162431,111.55633507729486
NA,Vegetables,65PLUS,BLK,Depression,50.90242571833742,74.45633236753223
NA,Vegetables,5064,MALE,Depression,50.264925613417496,56.05520365565012
NA,Vegetables,65PLUS,NAA,Depression,75.43304537219029,85.78453727783386
NA,Vegetables,65PLUS,MALE,Depression,16.54405040402073,23.71345997167268
NA,Vegetables,AGE_OVERALL,HIS,Depression,14.978206277347674,27.54923099661029
NA,Vegetables,65PLUS,NAA,Depression,50.364727082559995,57.546858964496685
NA,Vegetables,5064,ASN,Depression,24.55881157163378,46.85820410602196
NA,Vegetables,AGE_OVERALL,BLK,Depression,20.028373063539526,27.698746456294476
NA,Vegetables,65PLUS,HIS,Depression,17.133222084594692,40.78241668839996
NA,Vegetables,AGE_OVERALL,BLK,Depression,56.17684441487169,65.35216760294905
NA,Vegetables,AGE_OVERALL,OVERALL,Depression,58.97890512233653,49.789478210524834
NA,Vegetables,AGE_OVERALL,MALE,Depression,71.06270495341658,70.23165849035531
NA,Vegetables,65PLUS,ASN,Depression,80.42049359270607,114.38514988206532
NA,Vegetables,5064,HIS,Depression,43.970999143831484,63.723464816726015
NA,Vegetables,AGE_OVERALL,NAA,Depression,49.871829699206096,44.449959933900786
NA,Vegetables,65PLUS,FEMALE,Depression,92.85515320091415,113.43137156497333
NA,Vegetables,AGE_OVERALL,WHT,Depression,47.44722215002516,53.130720640314046
NA,Vegetables,AGE_OVERALL,ASN,Depression,48.69712613448893,67.28699313313574
NA,Vegetables,65PLUS,HIS,Depression,60.64630405276279,89.6403061945478
NA,Vegetables,AGE_OVERALL,WHT,Depression,72.52573572774017,80.17766191536644
NA,Vegetables,AGE_OVERALL,OVERALL,Depression,66.05609954740798,57.04758546872583
NA,Vegetables,5064,HIS,Depression,58.50869071532941,80.47731998690392
NA,Vegetables,65PLUS,MALE,Depression,11.736165556737589,19.33596267729685
NA,Vegetables,AGE_OVERALL,NAA,Depression,54.257801285586645,49.98576092016544
NA,Vegetables,AGE_OVERALL,FEMALE,Depression,29.366557516224027,27.681498297056134
NA,Vegetables,5064,MALE,Depression,40.13972812540061,43.994645117639934
NA,Vegetables,65PLUS,NAA,Depression,31.613837536669156,35.83822856554786
NA,Vegetables,5064,WHT,Depression,90.80177866482059,107.86669986579483
NA,Vegetables,65PLUS,ASN,Depression,21.18786232773326,49.50428494699698
NA,Vegetables,65PLUS,FEMALE,Depression,93.9564648869073,114.64976438973072
NA,Vegetables,AGE_OVERALL,MALE,Depression,61.96278097315547,60.72162617505622
NA,Vegetables,5064,MALE,Depression,55.0977899256565,59.90304203824334
NA,Vegetables,5064,WHT,Depression,49.85071206315449,63.408594609425215
NA,Vegetables,65PLUS,OVERALL,Depression,79.57747563734324,85.47404459415552
NA,Vegetables,65PLUS,HIS,Depression,75.63439732265141,106.31739748120155
NA,Vegetables,AGE_OVERALL,BLK,Depression,29.341441416988143,37.418866739694316
NA,Vegetables,AGE_OVERALL,ASN,Depression,73.82182960490569,93.5032222531309
NA,Vegetables,5064,NAA,Depression,57.8055514133646,59.20187752571461
NA,Vegetables,AGE_OVERALL,BLK,Depression,23.614226544981562,31.01376187787452
NA,Vegetables,65PLUS,OVERALL,Depression,50.29129378621053,53.35614673531179
NA,Vegetables,AGE_OVERALL,NAA,Depression,22.08269571703029,13.36339671269082
NA,Vegetables,5064,MALE,Depression,98.74907739311936,105.76348323098723
NA,Vegetables,65PLUS,ASN,Depression,20.240396423885713,48.53412947338809
NA,Vegetables,65PLUS,MALE,Depression,65.40926999051875,77.36428562733553
NA,Vegetables,5064,BLK,Depression,94.83951796472459,113.87328883900776
NA,Vegetables,AGE_OVERALL,BLK,Depression,61.8248385825639,74.39818464680111
NA,Vegetables,65PLUS,FEMALE,Depression,44.832367208078225,59.22733184952916
NA,Vegetables,65PLUS,MALE,Depression,54.76106761070366,65.19346563593217
NA,Vegetables,65PLUS,MALE,Depression,14.083793105625823,21.178326446410765
NA,Vegetables,65PLUS,NAA,Depression,51.43313899763638,57.55294464332257
NA,Vegetables,5064,NAA,Depression,100.76180143744499,108.07300399686291
NA,Vegetables,5064,WHT,Depression,72.54481036301284,86.87740414019424
NA,Vegetables,5064,NAA,Depression,102.8825254570555,108.97022816830321
NA,Vegetables,5064,FEMALE,Depression,76.02353745084733,87.99798086373788
NA,Vegetables,AGE_OVERALL,OVERALL,Depression,28.245273970472844,17.395673528698342
NA,Vegetables,AGE_OVERALL,HIS,Depression,36.678928309580634,49.378973177989565
NA,Vegetables,5064,MALE,Depression,56.76305378549946,63.95846586311937
NA,Vegetables,5064,ASN,Depression,78.00209414288287,105.15436538461722
NA,Vegetables,65PLUS,BLK,Depression,26.37735238497564,48.402458783932005
NA,Vegetables,5064,OVERALL,Depression,60.18670630984271,56.955313633468165
NA,Vegetables,5064,OVERALL,Depression,80.30082313975092,78.74403589610962
NA,Vegetables,5064,MALE,Depression,44.98887688921451,49.87632527609314
NA,Vegetables,65PLUS,BLK,Depression,53.907344375841745,75.7869039578885
NA,Vegetables,AGE_OVERALL,MALE,Depression,82.9073339531104,84.1847710396877
NA,Vegetables,65PLUS,BLK,Depression,71.77148226132223,95.27240770302154
NA,Vegetables,5064,NAA,Depression,55.01672391274529,55.26758464006952
NA,Vegetables,5064,OVERALL,Depression,58.89495000252322,55.18880181330033
NA,Vegetables,65PLUS,ASN,Depression,67.72754082060176,100.85167722032318
NA,Vegetables,5064,NAA,Depression,92.26361200241064,95.6368920239189
NA,Vegetables,AGE_OVERALL,FEMALE,Depression,9.903545228462349,8.953292013858658
NA,Vegetables,AGE_OVERALL,BLK,Depression,28.043988863200525,36.211933352228684
NA,Vegetables,65PLUS,HIS,Depression,68.26160659842816,96.97774442388483
NA,Vegetables,5064,ASN,Depression,49.967214453507026,75.84492581759523
NA,Vegetables,65PLUS,ASN,Depression,54.352330743975166,85.41425708982821
NA,Vegetables,5064,HIS,Depression,47.17494189730076,66.92345471799328
NA,Vegetables,65PLUS,BLK,Depression,93.43837674489163,122.274017527456
NA,Vegetables,5064,WHT,Depression,69.84161953273112,85.72941418095296
NA,Vegetables,5064,FEMALE,Depression,30.009990660350173,36.68575679814895
NA,Vegetables,5064,MALE,Depression,39.32410589393999,44.318369797911785
NA,Vegetables,5064,BLK,Depression,64.34620899066661,82.14223641667704
NA,Vegetables,AGE_OVERALL,HIS,Depression,32.251112678286376,44.21951948845043
NA,Vegetables,5064,BLK,Depression,3.7434870894764742,14.88263117366671
NA,Vegetables,5064,OVERALL,Depression,58.4950808844632,55.36121062045022
NA,Vegetables,65PLUS,MALE,Depression,37.40641550721757,45.88142226228197
NA,Vegetables,65PLUS,NAA,Depression,44.24457059812069,50.75463500565999
NA,Vegetables,65PLUS,OVERALL,Depression,68.24150646037343,71.74409656325537
NA,Vegetables,65PLUS,OVERALL,Depression,51.33855046016505,54.15121412003175
NA,Vegetables,5064,ASN,Depression,23.886807106014185,45.98917608195119
NA,Vegetables,5064,HIS,Depression,28.21884706952601,46.55837198234917
NA,Vegetables,65PLUS,NAA,Depression,38.060470482438745,45.29245728529525
NA,Vegetables,5064,MALE,Depression,46.190079163573586,50.72860237789979
NA,Vegetables,65PLUS,BLK,Depression,51.97410644990852,74.66251087049793
NA,Vegetables,5064,BLK,Depression,52.15891531607899,69.3354609755116
NA,Vegetables,5064,FEMALE,Depression,46.39062814191485,55.61450505069378
NA,Vegetables,5064,ASN,Depression,38.509909045284104,65.45884303158662
NA,Vegetables,65PLUS,HIS,Depression,66.75337371987561,95.68872227598175
NA,Vegetables,5064,NAA,Depression,83.54130813582196,86.33575720460279
NA,Vegetables,5064,FEMALE,Depression,35.65660526169384,42.69956668037204
NA,Vegetables,65PLUS,NAA,Depression,52.649607846428054,60.43787701589776
NA,Vegetables,5064,FEMALE,Depression,54.893962741784655,64.58765039723801
NA,Vegetables,65PLUS,MALE,Depression,45.36977069717203,55.92323461991037
NA,Vegetables,AGE_OVERALL,HIS,Depression,74.27695875179671,91.20972616925853
NA,Vegetables,5064,FEMALE,Depression,84.71698282918844,97.66673413885488
NA,Vegetables,AGE_OVERALL,MALE,Depression,11.102607658606303,4.022711973167219
NA,Vegetables,65PLUS,MALE,Depression,46.9457704921777,56.491983914460505
NA,Vegetables,AGE_OVERALL,MALE,Depression,105.09106129636274,109.9110025473648
NA,Vegetables,AGE_OVERALL,MALE,Depression,74.16280835803471,74.85291546865543
NA,Vegetables,AGE_OVERALL,FEMALE,Depression,84.99955660526555,91.14943613061762
NA,Vegetables,5064,BLK,Depression,37.58811378861338,52.249203006048575
NA,Vegetables,AGE_OVERALL,HIS,Depression,17.3194029004431,28.356969712679494
NA,Vegetables,5064,NAA,Depression,75.76770077908675,78.11641663462841
NA,Vegetables,5064,MALE,Depression,59.87471559815105,67.2662789937269
NA,Vegetables,5064,BLK,Depression,83.39760041709681,105.66923700548965
NA,Vegetables,65PLUS,MALE,Depression,15.110767702166335,21.30970287223364
NA,Vegetables,65PLUS,ASN,Depression,30.69900024711969,62.23012007483057
NA,Vegetables,AGE_OVERALL,MALE,Depression,62.690859499780004,61.659965055395084
NA,Vegetables,65PLUS,NAA,Depression,46.98287274565105,52.02982692641155
NA,Vegetables,65PLUS,WHT,Depression,88.41029315217179,112.45810401905301
NA,Vegetables,5064,ASN,Depression,79.51929918612088,109.30037992902824
NA,Vegetables,5064,HIS,Depression,47.80087109102445,66.74826717176042
NA,Vegetables,AGE_OVERALL,ASN,Depression,56.823940016993944,75.03348379285194
NA,Vegetables,5064,MALE,Depression,17.828144165286197,19.11909139607906
NA,Vegetables,AGE_OVERALL,WHT,Depression,93.86473185314654,105.43922287140505
NA,Vegetables,65PLUS,HIS,Depression,-0.8219963459120194,19.79767880895763
NA,Vegetables,5064,HIS,Depression,25.798285499792215,44.51848401376441
NA,Vegetables,AGE_OVERALL,WHT,Depression,47.656699443842754,54.141294928371074
NA,Vegetables,5064,MALE,Depression,58.58547198025609,63.23341012851173
NA,Vegetables,5064,OVERALL,Depression,52.8547522192559,50.78435143635542
NA,Vegetables,5064,BLK,Depression,18.31995152054018,30.87314454421159
NA,Vegetables,65PLUS,ASN,Depression,27.56925073256059,55.959133616378175
NA,Vegetables,65PLUS,FEMALE,Depression,67.48582063374238,84.68089693791495
NA,Vegetables,5064,BLK,Depression,41.37875002626846,57.472363700513014
NA,Vegetables,65PLUS,BLK,Depression,23.05301369869401,43.184186166872045
NA,Vegetables,5064,WHT,Depression,13.729871872358586,21.668655047078268
NA,Vegetables,5064,FEMALE,Depression,12.253660618913194,17.74194248994409
NA,Vegetables,AGE_OVERALL,MALE,Depression,42.020685726476266,41.035546713631646